{"cameraMode":{"drawMode":0,"name":"Shaded","section":"Shading Mode"},"sceneLighting":false,"audioPlay":false,"sceneViewState":{"showFog":true,"showMaterialUpdate":false,"showSkybox":false,"showFlares":true,"showImageEffects":true,"showParticleSystems":true},"in2DMode":false,"pivot":{"x":-4.234615325927734,"y":2.4200000762939455,"z":-22.11211395263672},"rotation":{"x":0.17759715020656587,"y":0.34449708461761477,"z":-0.0665433406829834,"w":0.9194307923316956},"size":20.583314895629884,"orthographic":false}