{"cameraMode":{"drawMode":0,"name":"Shaded","section":"Shading Mode"},"sceneLighting":false,"audioPlay":false,"sceneViewState":{"showFog":true,"showMaterialUpdate":false,"showSkybox":true,"showFlares":true,"showImageEffects":true,"showParticleSystems":true},"in2DMode":false,"pivot":{"x":53.53234100341797,"y":19.38675880432129,"z":57.095916748046878},"rotation":{"x":0.023235276341438295,"y":-0.9739312529563904,"z":0.19267483055591584,"w":0.11745014786720276},"size":70.92720794677735,"orthographic":false}