{"cameraMode":{"drawMode":0,"name":"Shaded","section":"Shading Mode"},"sceneLighting":false,"audioPlay":false,"sceneViewState":{"showFog":true,"showMaterialUpdate":false,"showSkybox":false,"showFlares":true,"showImageEffects":true,"showParticleSystems":true},"in2DMode":false,"pivot":{"x":2.2403082847595217,"y":0.35358667373657229,"z":15.94550895690918},"rotation":{"x":0.17759715020656587,"y":0.34449708461761477,"z":-0.0665433406829834,"w":0.9194307923316956},"size":53.149845123291019,"orthographic":false}