{"cameraMode":{"drawMode":0,"name":"Shaded","section":"Shading Mode"},"sceneLighting":false,"audioPlay":false,"sceneViewState":{"showFog":true,"showMaterialUpdate":false,"showSkybox":false,"showFlares":true,"showImageEffects":true,"showParticleSystems":true},"in2DMode":false,"pivot":{"x":11.6860990524292,"y":0.07800006866455078,"z":-1.916534423828125},"rotation":{"x":0.17759715020656587,"y":0.34449708461761477,"z":-0.0665433406829834,"w":0.9194307923316956},"size":25.685335159301759,"orthographic":false}